name,address,day,order
D1-1 나리타공항 제1터미널,成田国際空港 第1ターミナル,D1,1
D1-2 미치노에키 다이에이,道の駅 大栄,D1,2
D1-3 미치노에키 미즈노사토 사와라,道の駅 水の郷さわら,D1,3
D1-4 이노 다다타카 옛집,伊能忠敬旧宅 香取市,D1,4
D1-5 사와라 옛 거리,佐原の町並み 香取市,D1,5
D1-6 사와라 가을 축제 스와 신사 일대,諏訪神社 香取市佐原,D1,6
D2-1 가토리 신궁,香取神宮,D2,1
D2-2 수향대교,水郷大橋 利根川,D2,2
D2-3 이타코 마에카와 아야메원,前川あやめ園,D2,3
D2-4 조쇼지,長勝寺 潮来市潮来,D2,4
D2-5 기타우라 대교,北浦大橋 茨城県,D2,5
D2-6 호텔 사와야 숙소,ホテルさわや 鉾田,D2,6
D3-1 신호코타역,新鉾田駅,D3,1
D3-2 오타케 해변,大竹海岸 鉾田市,D3,2
D3-3 톳푸산테 타이요 숙소,とっぷ さんて大洋,D3,3
D4-1 가시마나다 해변공원,鹿島灘海浜公園 鉾田市,D4,1
D4-2 오아라이 선비치,大洗サンビーチ,D4,2
D4-3 가미이소 도리이,大洗磯前神社 神磯の鳥居,D4,3
D4-4 가이몬 다리,海門橋 大洗,D4,4
D4-5 나카미나토 어시장,那珂湊おさかな市場,D4,5
D4-6 히타치 해변공원 남문,国営ひたち海浜公園 南口,D4,6
D4-7 코키아 언덕,国営ひたち海浜公園 みはらしの丘,D4,7
D4-8 이바라키공항 버스나 택시 이동,茨城空港 小美玉市,D4,8
